taskId,sourceNode,destNode,dataSize(Byte),opType,priority,delay,phaseId,dependOnPhases
0,0,16,1048576,URMA_WRITE,7,10ns,0,
1,1,17,1048576,URMA_WRITE,7,100ms,0,
2,2,18,1048576,URMA_WRITE,7,200ms,0,
3,3,19,1048576,URMA_WRITE,7,300ms,0,
4,4,20,1048576,URMA_WRITE,7,400ms,0,
5,5,21,1048576,URMA_WRITE,7,500ms,0,
6,6,22,1048576,URMA_WRITE,7,600ms,0,
7,7,23,1048576,URMA_WRITE,7,700ms,0,
8,0,16,1048576,URMA_WRITE,6,31s,1,
9,1,17,1048576,URMA_WRITE,6,31100ms,1,
10,2,18,1048576,URMA_WRITE,6,31200ms,1,
11,3,19,1048576,URMA_WRITE,6,31300ms,1,
12,4,20,1048576,URMA_WRITE,6,31400ms,1,
13,5,21,1048576,URMA_WRITE,6,31500ms,1,
14,6,22,1048576,URMA_WRITE,6,31600ms,1,
15,7,23,1048576,URMA_WRITE,6,31700ms,1,
16,0,16,1048576,URMA_WRITE,5,62s,2,
17,1,17,1048576,URMA_WRITE,5,62100ms,2,
18,2,18,1048576,URMA_WRITE,5,62200ms,2,
19,3,19,1048576,URMA_WRITE,5,62300ms,2,
20,4,20,1048576,URMA_WRITE,5,62400ms,2,
21,5,21,1048576,URMA_WRITE,5,62500ms,2,
22,6,22,1048576,URMA_WRITE,5,62600ms,2,
23,7,23,1048576,URMA_WRITE,5,62700ms,2,
